X1,Database_selected,Term,Overlap,P.value,Adjusted.P.value,Old.P.value,Old.Adjusted.P.value,Odds.Ratio,Combined.Score,Genes,link
1,Reactome_2016,HIV Infection_Homo sapiens_R-HSA-162906,25/222,0,6e-7,0,0,4.5045045,97.8321015,POM121;CCNT2;PSMD14;VPS4A;AP2A2;PSMA7;PSMD8;PSMB4;POLR2A;PSMB3;AP1G1;POLR2B;PSMB1;TCEB2;B2M;KPNA1;SUPT5H;GTF2H5;RBX1;PSMA6;PSMA4;PACS1;PSMA2;NUP98;TAF1,http://www.reactome.org/download/index.html
2,Reactome_2016,Host Interactions of HIV factors_Homo sapiens_R-HSA-162909,18/129,0,2.8e-6,0,0,5.5813953,108.4305512,POM121;PSMD14;AP2A2;PSMA7;RBX1;PSMD8;PSMA6;PSMB4;PSMA4;AP1G1;PACS1;PSMA2;PSMB3;PSMB1;TCEB2;NUP98;B2M;KPNA1,http://www.reactome.org/download/index.html
3,Reactome_2016,Vif-mediated degradation of APOBEC3G_Homo sapiens_R-HSA-180585,11/53,1e-7,3.22e-5,0,0,8.3018868,137.6375163,PSMD8;PSMA6;PSMB4;PSMA4;PSMD14;PSMA2;PSMB3;PSMB1;TCEB2;PSMA7;RBX1,http://www.reactome.org/download/index.html
4,Reactome_2016,Degradation of DVL_Homo sapiens_R-HSA-4641258,11/56,1e-7,4.4e-5,0,0,7.8571429,125.5344105,PSMD8;PSMA6;PSMB4;PSMA4;PSMD14;PSMA2;PSMB3;PSMB1;DVL3;PSMA7;RBX1,http://www.reactome.org/download/index.html
5,Reactome_2016,Infectious disease_Homo sapiens_R-HSA-5663205,27/348,2e-7,6.86e-5,0,0,3.1034483,47.5146137,POM121;CCNT2;PSMD14;VPS4A;AP2A2;PSMA7;PSMD8;PSMB4;POLR2A;PSMB3;AP1G1;POLR2B;PSMB1;TCEB2;MAP2K7;B2M;KPNA1;SUPT5H;GTF2H5;RBX1;PSMA6;PSMA4;PACS1;PSMA2;VAMP1;NUP98;TAF1,http://www.reactome.org/download/index.html
6,Reactome_2016,Regulation of ornithine decarboxylase (ODC)_Homo sapiens_R-HSA-350562,10/50,4e-7,9.31e-5,0,0,8,118.5859031,PSMD8;PSMA6;PSMB4;PSMA4;PSMD14;PSMA2;PSMB3;PSMB1;OAZ1;PSMA7,http://www.reactome.org/download/index.html
7,Reactome_2016,PCP/CE pathway_Homo sapiens_R-HSA-4086400,13/91,4e-7,9.04e-5,0,0,5.7142857,83.9923787,PSMD14;RYK;SMURF1;AP2A2;PSMA7;PSMD8;PSMA6;PSMB4;PSMA4;PSMA2;PSMB3;PSMB1;DVL3,http://www.reactome.org/download/index.html
8,Reactome_2016,ER-Phagosome pathway_Homo sapiens_R-HSA-1236974,11/65,6e-7,1.081e-4,0,0,6.7692308,97.3842129,PSMD8;SEC61A2;PSMA6;PSMB4;PSMA4;PSMD14;PSMA2;PSMB3;PSMB1;B2M;PSMA7,http://www.reactome.org/download/index.html
9,Reactome_2016,Degradation of AXIN_Homo sapiens_R-HSA-4641257,10/54,8e-7,1.322e-4,0,0,7.4074074,104.2004442,PSMD8;PSMA6;PSMB4;PSMA4;PSMD14;PSMA2;TNKS;PSMB3;PSMB1;PSMA7,http://www.reactome.org/download/index.html
10,Reactome_2016,Antigen processing-Cross presentation_Homo sapiens_R-HSA-1236975,12/82,9e-7,1.353e-4,0,0,5.8536585,81.5902226,PSMD8;SEC61A2;PSMA6;PSMB4;PSMA4;PSMD14;PSMA2;PSMB3;PSMB1;CYBA;B2M;PSMA7,http://www.reactome.org/download/index.html
776,KEGG_2019_Human,Proteasome,9/45,1.4e-6,4.35e-4,0,0,8,107.7613544,PSMD8;PSMA6;PSMB4;PSMA4;PSMD14;PSMB3;PSMA2;PSMB1;PSMA7,https://www.kegg.jp/
11,Reactome_2016,NIK-->noncanonical NF-kB signaling_Homo sapiens_R-HSA-5676590,10/58,1.6e-6,2.156e-4,0,0,6.8965517,92.2552213,PSMD8;PSMA6;PSMB4;PSMA4;PSMD14;PSMA2;PSMB3;PSMB1;PSMA7;NFKB2,http://www.reactome.org/download/index.html
12,Reactome_2016,Degradation of GLI1 by the proteasome_Homo sapiens_R-HSA-5610780,10/59,1.8e-6,2.328e-4,0,0,6.779661,89.5840578,PSMD8;PSMA6;PSMB4;PSMA4;PSMD14;PSMA2;PSMB3;PSMB1;PSMA7;RBX1,http://www.reactome.org/download/index.html
13,Reactome_2016,GLI3 is processed to GLI3R by the proteasome_Homo sapiens_R-HSA-5610785,10/59,1.8e-6,2.148e-4,0,0,6.779661,89.5840578,PSMD8;PSMA6;PSMB4;PSMA4;PSMD14;PSMA2;PSMB3;PSMB1;PSMA7;RBX1,http://www.reactome.org/download/index.html
14,Reactome_2016,Degradation of GLI2 by the proteasome_Homo sapiens_R-HSA-5610783,10/59,1.8e-6,1.995e-4,0,0,6.779661,89.5840578,PSMD8;PSMA6;PSMB4;PSMA4;PSMD14;PSMA2;PSMB3;PSMB1;PSMA7;RBX1,http://www.reactome.org/download/index.html
15,Reactome_2016,Dectin-1 mediated noncanonical NF-kB signaling_Homo sapiens_R-HSA-5607761,10/61,2.5e-6,2.556e-4,0,0,6.557377,84.5703861,PSMD8;PSMA6;PSMB4;PSMA4;PSMD14;PSMA2;PSMB3;PSMB1;PSMA7;NFKB2,http://www.reactome.org/download/index.html
16,Reactome_2016,Gene Expression_Homo sapiens_R-HSA-74160,71/1631,3e-6,2.845e-4,0,0,1.741263,22.1579606,LTV1;COX7B;POP7;CCNT2;CASC3;SRP14;MED15;PSMD8;SEC61A2;MED14;TRIM28;ZNF529;SNRNP70;AKT2;DGCR8;RBM5;NCOA2;H2AFZ;MED8;WDR75;CSNK1D;TSC1;THOC7;MED7;MED23;PSMA6;PSMA4;ZNF839;PSMA2;HNRNPH1;SARNP;PRPF3;NUP98;POM121;PSMD14;HEATR1;TXN;COX5A;NR2C1;PSMA7;PRDX5;PSMB4;ZNF708;MTA1;POLR2A;PSMB3;POLR2B;TAF1C;PSMB1;ZKSCAN8;ZNF548;TCEB2;RICTOR;ZNF500;YARS;SUPT5H;GTF2H5;ADAT2;PAN2;EIF3I;EIF3G;ZNF337;CDK12;LAMTOR1;ZNF655;RBMX;ZNF212;NOP10;TNRC6A;EIF3B;TAF1,http://www.reactome.org/download/index.html
17,Reactome_2016,Regulation of activated PAK-2p34 by proteasome mediated degradation_Homo sapiens_R-HSA-211733,9/49,3e-6,2.697e-4,0,0,7.3469388,93.4386112,PSMD8;PSMA6;PSMB4;PSMA4;PSMD14;PSMA2;PSMB3;PSMB1;PSMA7,http://www.reactome.org/download/index.html
18,Reactome_2016,Cross-presentation of soluble exogenous antigens (endosomes)_Homo sapiens_R-HSA-1236978,9/49,3e-6,2.547e-4,0,0,7.3469388,93.4386112,PSMD8;PSMA6;PSMB4;PSMA4;PSMD14;PSMA2;PSMB3;PSMB1;PSMA7,http://www.reactome.org/download/index.html
19,Reactome_2016,Asymmetric localization of PCP proteins_Homo sapiens_R-HSA-4608870,10/63,3.4e-6,2.735e-4,0,0,6.3492063,79.955171000000007,PSMD8;PSMA6;PSMB4;PSMA4;PSMD14;PSMA2;PSMB3;SMURF1;PSMB1;PSMA7,http://www.reactome.org/download/index.html
20,Reactome_2016,CDK-mediated phosphorylation and removal of Cdc6_Homo sapiens_R-HSA-69017,9/50,3.6e-6,2.734e-4,0,0,7.2,90.300618,PSMD8;PSMA6;PSMB4;PSMA4;PSMD14;PSMA2;PSMB3;PSMB1;PSMA7,http://www.reactome.org/download/index.html
21,Reactome_2016,Ubiquitin-dependent degradation of Cyclin D1_Homo sapiens_R-HSA-69229,9/50,3.6e-6,2.604e-4,0,0,7.2,90.300618,PSMD8;PSMA6;PSMB4;PSMA4;PSMD14;PSMA2;PSMB3;PSMB1;PSMA7,http://www.reactome.org/download/index.html
22,Reactome_2016,Ubiquitin-dependent degradation of Cyclin D_Homo sapiens_R-HSA-75815,9/50,3.6e-6,2.486e-4,0,0,7.2,90.300618,PSMD8;PSMA6;PSMB4;PSMA4;PSMD14;PSMA2;PSMB3;PSMB1;PSMA7,http://www.reactome.org/download/index.html
23,Reactome_2016,Regulation of Apoptosis_Homo sapiens_R-HSA-169911,9/50,3.6e-6,2.378e-4,0,0,7.2,90.300618,PSMD8;PSMA6;PSMB4;PSMA4;PSMD14;PSMA2;PSMB3;PSMB1;PSMA7,http://www.reactome.org/download/index.html
24,Reactome_2016,Vpu mediated degradation of CD4_Homo sapiens_R-HSA-180534,9/51,4.2e-6,2.706e-4,0,0,7.0588235,87.3159662,PSMD8;PSMA6;PSMB4;PSMA4;PSMD14;PSMA2;PSMB3;PSMB1;PSMA7,http://www.reactome.org/download/index.html
25,Reactome_2016,Autodegradation of the E3 ubiquitin ligase COP1_Homo sapiens_R-HSA-349425,9/51,4.2e-6,2.598e-4,0,0,7.0588235,87.3159662,PSMD8;PSMA6;PSMB4;PSMA4;PSMD14;PSMA2;PSMB3;PSMB1;PSMA7,http://www.reactome.org/download/index.html
26,Reactome_2016,TNFR2 non-canonical NF-kB pathway_Homo sapiens_R-HSA-5668541,12/95,4.3e-6,2.559e-4,0,0,5.0526316,62.3772527,PSMD8;EDARADD;PSMA6;PSMB4;PSMA4;PSMD14;PSMA2;PSMB3;PSMB1;TNFRSF25;PSMA7;NFKB2,http://www.reactome.org/download/index.html
27,Reactome_2016,p53-Independent DNA Damage Response_Homo sapiens_R-HSA-69610,9/52,5e-6,2.845e-4,0,0,6.9230769,84.4745455,PSMD8;PSMA6;PSMB4;PSMA4;PSMD14;PSMA2;PSMB3;PSMB1;PSMA7,http://www.reactome.org/download/index.html
28,Reactome_2016,p53-Independent G1/S DNA damage checkpoint_Homo sapiens_R-HSA-69613,9/52,5e-6,2.744e-4,0,0,6.9230769,84.4745455,PSMD8;PSMA6;PSMB4;PSMA4;PSMD14;PSMA2;PSMB3;PSMB1;PSMA7,http://www.reactome.org/download/index.html
29,Reactome_2016,Ubiquitin Mediated Degradation of Phosphorylated Cdc25A_Homo sapiens_R-HSA-69601,9/52,5e-6,2.649e-4,0,0,6.9230769,84.4745455,PSMD8;PSMA6;PSMB4;PSMA4;PSMD14;PSMA2;PSMB3;PSMB1;PSMA7,http://www.reactome.org/download/index.html
30,Reactome_2016,Activation of NF-kappaB in B cells_Homo sapiens_R-HSA-1169091,10/66,5.2e-6,2.674e-4,0,0,6.0606061,73.6890072,PSMD8;PSMA6;PSMB4;PSMA4;PSMD14;PSMA2;PSMB3;PSMB1;CARD11;PSMA7,http://www.reactome.org/download/index.html
31,Reactome_2016,Regulation of RAS by GAPs_Homo sapiens_R-HSA-5658442,10/67,6e-6,2.974e-4,0,0,5.9701493,71.7574383,PSMD8;PSMA6;PSMB4;PSMA4;PSMD14;PSMA2;PSMB3;PSMB1;PSMA7;RBX1,http://www.reactome.org/download/index.html
32,Reactome_2016,CLEC7A (Dectin-1) signaling_Homo sapiens_R-HSA-5607764,12/99,6.7e-6,3.213e-4,0,0,4.8484848,57.7473382,PYCARD;PSMD8;PSMA6;PSMB4;PSMA4;PSMD14;PSMA2;PSMB3;PSMB1;CARD11;PSMA7;NFKB2,http://www.reactome.org/download/index.html
33,Reactome_2016,Hedgehog 'off' state_Homo sapiens_R-HSA-5610787,12/99,6.7e-6,3.116e-4,0,0,4.8484848,57.7473382,PSMD8;PSMA6;PSMB4;PSMA4;PSMD14;PSMA2;PSMB3;IFT172;PRKAR2A;PSMB1;PSMA7;RBX1,http://www.reactome.org/download/index.html
34,Reactome_2016,SCF-beta-TrCP mediated degradation of Emi1_Homo sapiens_R-HSA-174113,9/54,6.9e-6,3.124e-4,0,0,6.6666667,79.1850749,PSMD8;PSMA6;PSMB4;PSMA4;PSMD14;PSMA2;PSMB3;PSMB1;PSMA7,http://www.reactome.org/download/index.html
35,Reactome_2016,Stabilization of p53_Homo sapiens_R-HSA-69541,9/54,6.9e-6,3.035e-4,0,0,6.6666667,79.1850749,PSMD8;PSMA6;PSMB4;PSMA4;PSMD14;PSMA2;PSMB3;PSMB1;PSMA7,http://www.reactome.org/download/index.html
36,Reactome_2016,AUF1 (hnRNP D0) binds and destabilizes mRNA_Homo sapiens_R-HSA-450408,9/54,6.9e-6,2.951e-4,0,0,6.6666667,79.1850749,PSMD8;PSMA6;PSMB4;PSMA4;PSMD14;PSMA2;PSMB3;PSMB1;PSMA7,http://www.reactome.org/download/index.html
37,Reactome_2016,G2/M Transition_Homo sapiens_R-HSA-69275,16/173,7.5e-6,3.102e-4,0,0,3.699422,43.6542811,PSMD14;TUBGCP2;CSNK1D;HAUS5;CDK11B;PSMA7;PSMD8;PSMA6;PCM1;PSMB4;PSMA4;PSMA2;PSMB3;PSMB1;FGFR1OP;RAB8A,http://www.reactome.org/download/index.html
38,Reactome_2016,Hh mutants that don't undergo autocatalytic processing are degraded by ERAD_Homo sapiens_R-HSA-5362768,9/55,8.1e-6,3.269e-4,0,0,6.5454545,76.720681,PSMD8;PSMA6;PSMB4;PSMA4;PSMD14;PSMA2;PSMB3;PSMB1;PSMA7,http://www.reactome.org/download/index.html
39,Reactome_2016,Hedgehog 'on' state_Homo sapiens_R-HSA-5632684,11/85,8.6e-6,3.37e-4,0,0,5.1764706,60.3825817,PSMD8;PSMA6;PSMB4;PSMA4;PSMD14;PSMA2;PSMB3;SMURF1;PSMB1;PSMA7;RBX1,http://www.reactome.org/download/index.html
40,Reactome_2016,Mitotic G2-G2/M phases_Homo sapiens_R-HSA-453274,16/175,8.7e-6,3.323e-4,0,0,3.6571429,42.6191828,PSMD14;TUBGCP2;CSNK1D;HAUS5;CDK11B;PSMA7;PSMD8;PSMA6;PCM1;PSMB4;PSMA4;PSMA2;PSMB3;PSMB1;FGFR1OP;RAB8A,http://www.reactome.org/download/index.html
41,Reactome_2016,Class I MHC mediated antigen processing & presentation_Homo sapiens_R-HSA-983169,22/305,9.6e-6,3.565e-4,0,0,2.8852459,33.3497969,UBE2F;PSMD14;SMURF1;UBE4A;CYBA;FBXO44;PSMA7;RBX1;PSMD8;SEC61A2;PSMA6;PSMB4;PSMA4;HECTD1;HERC1;PSMA2;PSMB3;PSMB1;TCEB2;TPP2;B2M;UNKL,http://www.reactome.org/download/index.html
970,WikiPathways_2019_Human,Electron Transport Chain (OXPHOS system in mitochondria) WP111,12/103,1.02e-5,0.0047943,0,0,4.6601942,53.5796656,NDUFA9;COX7B;NDUFS8;NDUFB10;NDUFS7;NDUFB6;UCP3;NDUFA1;NDUFC2;UQCR11;UQCR10;COX5A,https://www.wikipathways.org/
42,Reactome_2016,Hh mutants abrogate ligand secretion_Homo sapiens_R-HSA-5387390,9/57,1.1e-5,4.004e-4,0,0,6.3157895,72.1164459,PSMD8;PSMA6;PSMB4;PSMA4;PSMD14;PSMA2;PSMB3;PSMB1;PSMA7,http://www.reactome.org/download/index.html
43,Reactome_2016,Respiratory electron transport_Homo sapiens_R-HSA-611105,11/88,1.2e-5,4.287e-4,0,0,5,56.6329502,NDUFA9;COX7B;NDUFS8;NDUFS7;NDUFB6;NDUFB10;NDUFA1;NDUFC2;UQCR11;UQCR10;COX5A,http://www.reactome.org/download/index.html
44,Reactome_2016,CDT1 association with the CDC6:ORC:origin complex_Homo sapiens_R-HSA-68827,9/58,1.27e-5,4.425e-4,0,0,6.2068966,69.9637981,PSMD8;PSMA6;PSMB4;PSMA4;PSMD14;PSMA2;PSMB3;PSMB1;PSMA7,http://www.reactome.org/download/index.html
45,Reactome_2016,The role of GTSE1 in G2/M progression after G2 checkpoint_Homo sapiens_R-HSA-8852276,9/59,1.47e-5,4.994e-4,0,0,6.1016949,67.9030563,PSMD8;PSMA6;PSMB4;PSMA4;PSMD14;PSMA2;PSMB3;PSMB1;PSMA7,http://www.reactome.org/download/index.html
46,Reactome_2016,SCF(Skp2)-mediated degradation of p27/p21_Homo sapiens_R-HSA-187577,9/59,1.47e-5,4.885e-4,0,0,6.1016949,67.9030563,PSMD8;PSMA6;PSMB4;PSMA4;PSMD14;PSMA2;PSMB3;PSMB1;PSMA7,http://www.reactome.org/download/index.html
47,Reactome_2016,Beta-catenin independent WNT signaling_Homo sapiens_R-HSA-3858494,14/144,1.57e-5,5.117e-4,0,0,3.8888889,43.0139272,PSMD14;SMURF1;RYK;AP2A2;PSMA7;PSMD8;PSMA6;PSMB4;PSMA4;PSMA2;PSMB3;PSMB1;DVL3;TNRC6A,http://www.reactome.org/download/index.html
48,Reactome_2016,"Respiratory electron transport, ATP synthesis by chemiosmotic coupling, and heat production by uncoupling proteins._Homo sapiens_R-HSA-163200",12/109,1.82e-5,5.795e-4,0,0,4.4036697,48.0666185,NDUFA9;COX7B;NDUFS8;NDUFB10;NDUFS7;NDUFB6;UCP3;NDUFA1;NDUFC2;UQCR11;UQCR10;COX5A,http://www.reactome.org/download/index.html
49,Reactome_2016,Autodegradation of Cdh1 by Cdh1:APC/C_Homo sapiens_R-HSA-174084,9/62,2.22e-5,6.928e-4,0,0,5.8064516,62.22142,PSMD8;PSMA6;PSMB4;PSMA4;PSMD14;PSMA2;PSMB3;PSMB1;PSMA7,http://www.reactome.org/download/index.html
971,WikiPathways_2019_Human,Proteasome Degradation WP183,9/62,2.22e-5,0.0052366,0,0,5.8064516,62.22142,PSMD8;PSMA6;PSMB4;PSMA4;H2AFZ;PSMA2;PSMB3;PSMB1;PSMA7,https://www.wikipathways.org/
50,Reactome_2016,p53-Dependent G1/S DNA damage checkpoint_Homo sapiens_R-HSA-69580,9/63,2.53e-5,7.748e-4,0,0,5.7142857,60.4792325,PSMD8;PSMA6;PSMB4;PSMA4;PSMD14;PSMA2;PSMB3;PSMB1;PSMA7,http://www.reactome.org/download/index.html
51,Reactome_2016,p53-Dependent G1 DNA Damage Response_Homo sapiens_R-HSA-69563,9/63,2.53e-5,7.596e-4,0,0,5.7142857,60.4792325,PSMD8;PSMA6;PSMB4;PSMA4;PSMD14;PSMA2;PSMB3;PSMB1;PSMA7,http://www.reactome.org/download/index.html
52,Reactome_2016,Hedgehog ligand biogenesis_Homo sapiens_R-HSA-5358346,9/64,2.88e-5,8.48e-4,0,0,5.625,58.8060887,PSMD8;PSMA6;PSMB4;PSMA4;PSMD14;PSMA2;PSMB3;PSMB1;PSMA7,http://www.reactome.org/download/index.html
777,KEGG_2019_Human,Oxidative phosphorylation,13/133,2.97e-5,0.0045749,0,0,3.9097744,40.7559336,NDUFA9;COX7B;ATP6V0E1;NDUFB10;NDUFB6;NDUFA1;NDUFC2;UQCR11;UQCR10;COX5A;NDUFS8;NDUFS7;ATP6V1E1,https://www.kegg.jp/
53,Reactome_2016,Mitotic Anaphase_Homo sapiens_R-HSA-68882,15/173,3.09e-5,8.928e-4,0,0,3.4682081,36.0136176,ANKLE2;AHCTF1;PSMD14;LEMD2;PSMA7;PSMD8;PSMA6;STAG1;PSMB4;PSMA4;PSMA2;PSMB3;PSMB1;NUP98;CLASP2,http://www.reactome.org/download/index.html
54,Reactome_2016,The citric acid (TCA) cycle and respiratory electron transport_Homo sapiens_R-HSA-1428517,14/153,3.11e-5,8.825e-4,0,0,3.6601307,37.9803625,NDUFA9;COX7B;NDUFB10;NDUFB6;MDH2;NDUFA1;NDUFC2;UQCR11;UQCR10;COX5A;NDUFS8;NDUFS7;MPC2;UCP3,http://www.reactome.org/download/index.html
55,Reactome_2016,Antigen processing: Ubiquitination & Proteasome degradation_Homo sapiens_R-HSA-983168,19/260,3.21e-5,8.928e-4,0,0,2.9230769,30.2446554,UBE2F;PSMD14;SMURF1;UBE4A;FBXO44;PSMA7;RBX1;PSMD8;PSMA6;PSMB4;PSMA4;HECTD1;HERC1;PSMA2;PSMB3;PSMB1;TCEB2;TPP2;UNKL,http://www.reactome.org/download/index.html
56,Reactome_2016,G1/S DNA Damage Checkpoints_Homo sapiens_R-HSA-69615,9/65,3.27e-5,8.94e-4,0,0,5.5384615,57.1983229,PSMD8;PSMA6;PSMB4;PSMA4;PSMD14;PSMA2;PSMB3;PSMB1;PSMA7,http://www.reactome.org/download/index.html
57,Reactome_2016,Mitotic Metaphase and Anaphase_Homo sapiens_R-HSA-2555396,15/174,3.31e-5,8.88e-4,0,0,3.4482759,35.5742846,ANKLE2;AHCTF1;PSMD14;LEMD2;PSMA7;PSMD8;PSMA6;STAG1;PSMB4;PSMA4;PSMA2;PSMB3;PSMB1;NUP98;CLASP2,http://www.reactome.org/download/index.html
58,Reactome_2016,APC/C:Cdc20 mediated degradation of Securin_Homo sapiens_R-HSA-174154,9/66,3.71e-5,9.776e-4,0,0,5.4545455,55.6525147,PSMD8;PSMA6;PSMB4;PSMA4;PSMD14;PSMA2;PSMB3;PSMB1;PSMA7,http://www.reactome.org/download/index.html
59,Reactome_2016,Downstream TCR signaling_Homo sapiens_R-HSA-202424,11/99,3.71e-5,9.615e-4,0,0,4.4444444,45.3442464,PSMD8;PSMA6;PSMB4;PSMA4;PSMD14;PSMA2;PSMB3;INPP5D;PSMB1;CARD11;PSMA7,http://www.reactome.org/download/index.html
60,Reactome_2016,Degradation of beta-catenin by the destruction complex_Homo sapiens_R-HSA-195253,10/82,3.72e-5,9.489e-4,0,0,4.8780488,49.7509014,PSMD8;PSMA6;PSMB4;PSMA4;PSMD14;PSMA2;PSMB3;PSMB1;PSMA7;RBX1,http://www.reactome.org/download/index.html
61,Reactome_2016,Signaling by Hedgehog_Homo sapiens_R-HSA-5358351,13/136,3.76e-5,9.434e-4,0,0,3.8235294,38.9548325,PSMD14;SMURF1;IFT172;PSMA7;RBX1;PSMD8;PSMA6;PSMB4;PSMA4;PSMA2;PSMB3;PRKAR2A;PSMB1,http://www.reactome.org/download/index.html
62,Reactome_2016,Assembly of the pre-replicative complex_Homo sapiens_R-HSA-68867,9/67,4.19e-5,0.0010334,0,0,5.3731343,54.1654695,PSMD8;PSMA6;PSMB4;PSMA4;PSMD14;PSMA2;PSMB3;PSMB1;PSMA7,http://www.reactome.org/download/index.html
63,Reactome_2016,TCF dependent signaling in response to WNT_Homo sapiens_R-HSA-201681,16/199,4.28e-5,0.0010405,0,0,3.2160804,32.3471475,PSMD14;TRRAP;RYK;TNKS;H2AFZ;PSMA7;RBX1;PSMD8;PSMA6;PSMB4;PSMA4;PSMA2;PSMB3;AKT2;PSMB1;DVL3,http://www.reactome.org/download/index.html
64,Reactome_2016,Metabolism of polyamines_Homo sapiens_R-HSA-351202,10/84,4.59e-5,0.0010981,0,0,4.7619048,47.5633897,PSMD8;PSMA6;PSMB4;PSMA4;PSMD14;PSMA2;PSMB3;PSMB1;OAZ1;PSMA7,http://www.reactome.org/download/index.html
65,Reactome_2016,Cyclin E associated events during G1/S transition_Homo sapiens_R-HSA-69202,9/68,4.72e-5,0.0011113,0,0,5.2941176,52.7342001,PSMD8;PSMA6;PSMB4;PSMA4;PSMD14;PSMA2;PSMB3;PSMB1;PSMA7,http://www.reactome.org/download/index.html
66,Reactome_2016,Cyclin A:Cdk2-associated events at S phase entry_Homo sapiens_R-HSA-69656,9/69,5.31e-5,0.0012311,0,0,5.2173913,51.3559107,PSMD8;PSMA6;PSMB4;PSMA4;PSMD14;PSMA2;PSMB3;PSMB1;PSMA7,http://www.reactome.org/download/index.html
67,Reactome_2016,Signaling by Wnt_Homo sapiens_R-HSA-195721,20/295,5.79e-5,0.0013219,0,0,2.7118644,26.4598053,PSMD14;TRRAP;RYK;TNKS;SMURF1;H2AFZ;AP2A2;PSMA7;RBX1;PSMD8;PSMA6;PSMB4;PORCN;PSMA4;PSMA2;PSMB3;AKT2;PSMB1;DVL3;TNRC6A,http://www.reactome.org/download/index.html
68,Reactome_2016,Switching of origins to a post-replicative state_Homo sapiens_R-HSA-69052,9/70,5.96e-5,0.0013413,0,0,5.1428571,50.0279823,PSMD8;PSMA6;PSMB4;PSMA4;PSMD14;PSMA2;PSMB3;PSMB1;PSMA7,http://www.reactome.org/download/index.html
69,Reactome_2016,Orc1 removal from chromatin_Homo sapiens_R-HSA-68949,9/70,5.96e-5,0.0013218,0,0,5.1428571,50.0279823,PSMD8;PSMA6;PSMB4;PSMA4;PSMD14;PSMA2;PSMB3;PSMB1;PSMA7,http://www.reactome.org/download/index.html
70,Reactome_2016,C-type lectin receptors (CLRs)_Homo sapiens_R-HSA-5621481,12/123,6.09e-5,0.0013308,0,0,3.902439,37.8789743,PYCARD;PSMD8;PSMA6;PSMB4;PSMA4;PSMD14;PSMA2;PSMB3;PSMB1;CARD11;PSMA7;NFKB2,http://www.reactome.org/download/index.html
71,Reactome_2016,APC/C:Cdh1 mediated degradation of Cdc20 and other APC/C:Cdh1 targeted proteins in late mitosis/early G1_Homo sapiens_R-HSA-174178,9/71,6.68e-5,0.001439,0,0,5.0704225,48.7479587,PSMD8;PSMA6;PSMB4;PSMA4;PSMD14;PSMA2;PSMB3;PSMB1;PSMA7,http://www.reactome.org/download/index.html
72,Reactome_2016,Cdc20:Phospho-APC/C mediated degradation of Cyclin A_Homo sapiens_R-HSA-174184,9/71,6.68e-5,0.001419,0,0,5.0704225,48.7479587,PSMD8;PSMA6;PSMB4;PSMA4;PSMD14;PSMA2;PSMB3;PSMB1;PSMA7,http://www.reactome.org/download/index.html
73,Reactome_2016,APC:Cdc20 mediated degradation of cell cycle proteins prior to satisfation of the cell cycle checkpoint_Homo sapiens_R-HSA-179419,9/72,7.46e-5,0.0015646,0,0,5,47.513535,PSMD8;PSMA6;PSMB4;PSMA4;PSMD14;PSMA2;PSMB3;PSMB1;PSMA7,http://www.reactome.org/download/index.html
74,Reactome_2016,Removal of licensing factors from origins_Homo sapiens_R-HSA-69300,9/72,7.46e-5,0.0015434,0,0,5,47.513535,PSMD8;PSMA6;PSMB4;PSMA4;PSMD14;PSMA2;PSMB3;PSMB1;PSMA7,http://www.reactome.org/download/index.html
972,WikiPathways_2019_Human,mRNA Processing WP411,12/126,7.7e-5,0.0121212,0,0,3.8095238,36.0806302,DHX8;POLR2A;CELF1;SNRNP70;HNRNPH1;PRPF3;PRPF4B;CLASRP;SUPT5H;RBMX;SUGP2;RBM5,https://www.wikipathways.org/
75,Reactome_2016,APC/C:Cdc20 mediated degradation of mitotic proteins_Homo sapiens_R-HSA-176409,9/74,9.28e-5,0.0018922,0,0,4.8648649,45.1729551,PSMD8;PSMA6;PSMB4;PSMA4;PSMD14;PSMA2;PSMB3;PSMB1;PSMA7,http://www.reactome.org/download/index.html
76,Reactome_2016,MAPK6/MAPK4 signaling_Homo sapiens_R-HSA-5687128,10/92,1.004e-4,0.0020215,0,0,4.3478261,40.0270043,PSMD8;PSMA6;PSMB4;PSMA4;PSMD14;PSMA2;PSMB3;PSMB1;PSMA7;TNRC6A,http://www.reactome.org/download/index.html
77,Reactome_2016,Activation of APC/C and APC/C:Cdc20 mediated degradation of mitotic proteins_Homo sapiens_R-HSA-176814,9/75,1.031e-4,0.0020487,0,0,4.8,44.0628474,PSMD8;PSMA6;PSMB4;PSMA4;PSMD14;PSMA2;PSMB3;PSMB1;PSMA7,http://www.reactome.org/download/index.html
78,Reactome_2016,Regulation of DNA replication_Homo sapiens_R-HSA-69304,9/75,1.031e-4,0.0020224,0,0,4.8,44.0628474,PSMD8;PSMA6;PSMB4;PSMA4;PSMD14;PSMA2;PSMB3;PSMB1;PSMA7,http://www.reactome.org/download/index.html
79,Reactome_2016,FCERI mediated NF-kB activation_Homo sapiens_R-HSA-2871837,11/111,1.064e-4,0.0020612,0,0,3.963964,36.262554,PSMD8;PSMA6;PSMB4;PSMA4;PSMD14;PSMA2;PSMB3;PSMB1;RASGRP2;CARD11;PSMA7,http://www.reactome.org/download/index.html
80,Reactome_2016,"Cell Cycle, Mitotic_Homo sapiens_R-HSA-69278",26/462,1.116e-4,0.0021336,0,0,2.2510823,20.4869708,ANKLE2;POM121;AHCTF1;PSMD14;TUBGCP2;PSMA7;PSMD8;PSMB4;PCM1;PSMB3;ENSA;PSMB1;RAB8A;CLASP2;ESCO1;H2AFZ;CSNK1D;HAUS5;LEMD2;CDK11B;PSMA6;STAG1;PSMA4;PSMA2;FGFR1OP;NUP98,http://www.reactome.org/download/index.html
81,Reactome_2016,M Phase_Homo sapiens_R-HSA-68886,18/268,1.509e-4,0.0028505,0,0,2.6865672,23.6386268,ANKLE2;POM121;AHCTF1;PSMD14;H2AFZ;LEMD2;PSMA7;PSMD8;PSMA6;STAG1;PSMB4;PSMA4;PSMA2;PSMB3;ENSA;PSMB1;NUP98;CLASP2,http://www.reactome.org/download/index.html
82,Reactome_2016,Regulation of APC/C activators between G1/S and early anaphase_Homo sapiens_R-HSA-176408,9/79,1.547e-4,0.0028866,0,0,4.556962,39.9826798,PSMD8;PSMA6;PSMB4;PSMA4;PSMD14;PSMA2;PSMB3;PSMB1;PSMA7,http://www.reactome.org/download/index.html
83,Reactome_2016,TCR signaling_Homo sapiens_R-HSA-202403,11/118,1.84e-4,0.0033924,0,0,3.7288136,32.0692816,PSMD8;PSMA6;PSMB4;PSMA4;PSMD14;PSMA2;PSMB3;INPP5D;PSMB1;CARD11;PSMA7,http://www.reactome.org/download/index.html
84,Reactome_2016,Complex I biogenesis_Homo sapiens_R-HSA-6799198,7/49,2.025e-4,0.0036891,0,0,5.7142857,48.5975866,NDUFA9;NDUFS8;NDUFS7;NDUFB6;NDUFB10;NDUFA1;NDUFC2,http://www.reactome.org/download/index.html
85,Reactome_2016,DNA Replication Pre-Initiation_Homo sapiens_R-HSA-69002,9/82,2.062e-4,0.0037118,0,0,4.3902439,37.2582955,PSMD8;PSMA6;PSMB4;PSMA4;PSMD14;PSMA2;PSMB3;PSMB1;PSMA7,http://www.reactome.org/download/index.html
86,Reactome_2016,M/G1 Transition_Homo sapiens_R-HSA-68874,9/82,2.062e-4,0.0036686,0,0,4.3902439,37.2582955,PSMD8;PSMA6;PSMB4;PSMA4;PSMD14;PSMA2;PSMB3;PSMB1;PSMA7,http://www.reactome.org/download/index.html
87,Reactome_2016,Separation of Sister Chromatids_Homo sapiens_R-HSA-2467813,13/162,2.241e-4,0.0039418,0,0,3.2098765,26.9733745,AHCTF1;PSMD14;PSMA7;PSMD8;PSMA6;STAG1;PSMB4;PSMA4;PSMA2;PSMB3;PSMB1;NUP98;CLASP2,http://www.reactome.org/download/index.html
88,Reactome_2016,Apoptosis_Homo sapiens_R-HSA-109581,13/163,2.381e-4,0.0041404,0,0,3.190184,26.6146185,PSMD14;LY96;PSMA7;PSMD8;PSMA6;PSMB4;PSMA4;PSMA2;PSMB3;AKT2;PSMB1;FADD;KPNA1,http://www.reactome.org/download/index.html
89,Reactome_2016,APC/C-mediated degradation of cell cycle proteins_Homo sapiens_R-HSA-174143,9/85,2.712e-4,0.0046626,0,0,4.2352941,34.7826204,PSMD8;PSMA6;PSMB4;PSMA4;PSMD14;PSMA2;PSMB3;PSMB1;PSMA7,http://www.reactome.org/download/index.html
90,Reactome_2016,Regulation of mitotic cell cycle_Homo sapiens_R-HSA-453276,9/85,2.712e-4,0.0046108,0,0,4.2352941,34.7826204,PSMD8;PSMA6;PSMB4;PSMA4;PSMD14;PSMA2;PSMB3;PSMB1;PSMA7,http://www.reactome.org/download/index.html
91,Reactome_2016,S Phase_Homo sapiens_R-HSA-69242,11/124,2.845e-4,0.0047835,0,0,3.5483871,28.9716979,PSMD8;PSMA6;STAG1;PSMB4;PSMA4;ESCO1;PSMD14;PSMA2;PSMB3;PSMB1;PSMA7,http://www.reactome.org/download/index.html
92,Reactome_2016,Programmed Cell Death_Homo sapiens_R-HSA-5357801,13/166,2.847e-4,0.0047349,0,0,3.1325301,25.5740704,PSMD14;LY96;PSMA7;PSMD8;PSMA6;PSMB4;PSMA4;PSMA2;PSMB3;AKT2;PSMB1;FADD;KPNA1,http://www.reactome.org/download/index.html
93,Reactome_2016,Regulation of mRNA stability by proteins that bind AU-rich elements_Homo sapiens_R-HSA-450531,9/86,2.963e-4,0.0048753,0,0,4.1860465,34.0074462,PSMD8;PSMA6;PSMB4;PSMA4;PSMD14;PSMA2;PSMB3;PSMB1;PSMA7,http://www.reactome.org/download/index.html
94,Reactome_2016,Disease_Homo sapiens_R-HSA-1643685,34/725,3.552e-4,0.0057807,0,0,1.8758621,14.8999097,POM121;CCNT2;PSMD14;TNKS;VPS4A;LY96;AP2A2;PSMA7;PSMD8;PSMB4;PORCN;POLR2A;PSMB3;AP1G1;POLR2B;AKT2;PSMB1;TCEB2;RICTOR;MAP2K7;B2M;KPNA1;SUPT5H;GTF2H5;RBX1;NFKB2;PSMA6;PSMA4;PSMA2;PACS1;VAMP1;FGFR1OP;NUP98;TAF1,http://www.reactome.org/download/index.html
778,KEGG_2019_Human,Huntington disease,14/193,3.704e-4,0.0380279,0,0,2.9015544,22.9249585,NDUFA9;COX7B;NDUFB10;NDUFB6;NDUFA1;NDUFC2;UQCR11;UQCR10;AP2A2;COX5A;NDUFS8;NDUFS7;POLR2A;POLR2B,https://www.kegg.jp/
779,KEGG_2019_Human,Non-alcoholic fatty liver disease (NAFLD),12/149,3.746e-4,0.0288427,0,0,3.2214765,25.4164969,NDUFA9;COX7B;NDUFS8;NDUFB10;NDUFS7;NDUFB6;AKT2;NDUFA1;NDUFC2;UQCR11;UQCR10;COX5A,https://www.kegg.jp/
780,KEGG_2019_Human,Alzheimer disease,13/171,3.796e-4,0.0233846,0,0,3.0409357,23.9514466,NDUFA9;COX7B;NDUFB10;NDUFB6;NDUFA1;NDUFC2;UQCR11;UQCR10;COX5A;NDUFS8;NDUFS7;APOE;FADD,https://www.kegg.jp/
95,Reactome_2016,Cell Cycle_Homo sapiens_R-HSA-1640170,28/566,5.118e-4,0.0082419,0,0,1.9787986,14.9946726,DIDO1;ANKLE2;POM121;AHCTF1;PSMD14;TUBGCP2;PSMA7;PSMD8;PSMB4;PCM1;SUMO1;PSMB3;ENSA;PSMB1;RAB8A;CLASP2;ESCO1;H2AFZ;CSNK1D;HAUS5;LEMD2;CDK11B;PSMA6;STAG1;PSMA4;PSMA2;FGFR1OP;NUP98,http://www.reactome.org/download/index.html
96,Reactome_2016,PI Metabolism_Homo sapiens_R-HSA-1483255,7/60,7.191e-4,0.0114614,0,0,4.6666667,33.7747461,VAC14;PIKFYVE;PNPLA7;INPP5D;INPP5E;PIK3R5;MTMR7,http://www.reactome.org/download/index.html
97,Reactome_2016,Synthesis of DNA_Homo sapiens_R-HSA-69239,9/97,7.235e-4,0.0114112,0,0,3.7113402,26.8384685,PSMD8;PSMA6;PSMB4;PSMA4;PSMD14;PSMA2;PSMB3;PSMB1;PSMA7,http://www.reactome.org/download/index.html
781,KEGG_2019_Human,Thermogenesis,15/231,7.441e-4,0.0381976,0,0,2.5974026,18.7099296,NDUFA9;COA3;COX7B;KDM3A;NDUFB10;NDUFB6;NDUFA1;NDUFC2;UQCR11;TSC1;UQCR10;COX5A;NDUFS8;NDUFS7;RPS6KB1,https://www.kegg.jp/
98,Reactome_2016,Formation of HIV elongation complex in the absence of HIV Tat_Homo sapiens_R-HSA-167152,6/44,7.468e-4,0.0116595,0,0,5.4545455,39.2710499,CCNT2;POLR2A;POLR2B;TCEB2;SUPT5H;GTF2H5,http://www.reactome.org/download/index.html
99,Reactome_2016,RNA Polymerase II Transcription Elongation_Homo sapiens_R-HSA-75955,6/44,7.468e-4,0.0115417,0,0,5.4545455,39.2710499,CCNT2;POLR2A;POLR2B;TCEB2;SUPT5H;GTF2H5,http://www.reactome.org/download/index.html
100,Reactome_2016,Formation of RNA Pol II elongation complex_Homo sapiens_R-HSA-112382,6/44,7.468e-4,0.0114263,0,0,5.4545455,39.2710499,CCNT2;POLR2A;POLR2B;TCEB2;SUPT5H;GTF2H5,http://www.reactome.org/download/index.html
101,Reactome_2016,TP53 Regulates Transcription of DNA Repair Genes_Homo sapiens_R-HSA-6796648,7/61,7.952e-4,0.0120455,0,0,4.5901639,32.759838,CCNT2;POLR2A;POLR2B;TCEB2;CDK12;SUPT5H;GTF2H5,http://www.reactome.org/download/index.html
102,Reactome_2016,HIV Life Cycle_Homo sapiens_R-HSA-162587,11/141,8.473e-4,0.0127096,0,0,3.1205674,22.0731631,POM121;CCNT2;POLR2A;POLR2B;VPS4A;TCEB2;NUP98;SUPT5H;GTF2H5;KPNA1;TAF1,http://www.reactome.org/download/index.html
782,KEGG_2019_Human,Parkinson disease,11/142,8.983e-4,0.039524,0,0,3.0985915,21.7367351,NDUFA9;COX7B;NDUFS8;NDUFB10;NDUFS7;NDUFB6;NDUFA1;NDUFC2;UQCR11;UQCR10;COX5A,https://www.kegg.jp/
103,Reactome_2016,Diseases of signal transduction_Homo sapiens_R-HSA-5663202,17/288,9.924e-4,0.014742,0,0,2.3611111,16.3279071,PSMD14;TNKS;PSMA7;RBX1;PSMD8;PSMA6;PSMB4;PORCN;PSMA4;POLR2A;PSMA2;PSMB3;POLR2B;AKT2;PSMB1;FGFR1OP;RICTOR,http://www.reactome.org/download/index.html
104,Reactome_2016,RNA Polymerase II Pre-transcription Events_Homo sapiens_R-HSA-674695,7/64,0.0010619,0.0156217,0,0,4.375,29.9587931,CCNT2;POLR2A;POLR2B;TCEB2;SUPT5H;GTF2H5;TAF1,http://www.reactome.org/download/index.html
105,Reactome_2016,HIV elongation arrest and recovery_Homo sapiens_R-HSA-167287,5/32,0.0011031,0.0160744,0,0,6.25,42.5599542,CCNT2;POLR2A;POLR2B;TCEB2;SUPT5H,http://www.reactome.org/download/index.html
106,Reactome_2016,Pausing and recovery of HIV elongation_Homo sapiens_R-HSA-167290,5/32,0.0011031,0.0159227,0,0,6.25,42.5599542,CCNT2;POLR2A;POLR2B;TCEB2;SUPT5H,http://www.reactome.org/download/index.html
107,Reactome_2016,Elongation arrest and recovery_Homo sapiens_R-HSA-112387,5/32,0.0011031,0.0157739,0,0,6.25,42.5599542,CCNT2;POLR2A;POLR2B;TCEB2;SUPT5H,http://www.reactome.org/download/index.html
108,Reactome_2016,RNA Polymerase II Transcription_Homo sapiens_R-HSA-73857,10/124,0.0011191,0.0158532,0,0,3.2258065,21.920241,CCNT2;POLR2A;POLR2B;SARNP;TCEB2;CASC3;SUPT5H;THOC7;GTF2H5;TAF1,http://www.reactome.org/download/index.html
109,Reactome_2016,Downstream signaling events of B Cell Receptor (BCR)_Homo sapiens_R-HSA-1168372,13/192,0.001125,0.0157907,0,0,2.7083333,18.3896115,PSMD14;PSMA7;PSMD8;PSMA6;PSMB4;PSMA4;PSMA2;PSMB3;AKT2;PSMB1;RICTOR;CARD11;TNRC6A,http://www.reactome.org/download/index.html
110,Reactome_2016,TP53 Regulates Metabolic Genes_Homo sapiens_R-HSA-5628897,8/84,0.0011922,0.0165822,0,0,3.8095238,25.6455985,COX7B;PRDX5;AKT2;TSC1;TXN;LAMTOR1;COX5A;TNRC6A,http://www.reactome.org/download/index.html
111,Reactome_2016,DNA Replication_Homo sapiens_R-HSA-69306,9/105,0.0012768,0.0175998,0,0,3.4285714,22.8458044,PSMD8;PSMA6;PSMB4;PSMA4;PSMD14;PSMA2;PSMB3;PSMB1;PSMA7,http://www.reactome.org/download/index.html
112,Reactome_2016,Transcription of the HIV genome_Homo sapiens_R-HSA-167172,7/67,0.0013942,0.0190462,0,0,4.1791045,27.4793342,CCNT2;POLR2A;POLR2B;TCEB2;SUPT5H;GTF2H5;TAF1,http://www.reactome.org/download/index.html
113,Reactome_2016,Late Phase of HIV Life Cycle_Homo sapiens_R-HSA-162599,10/128,0.0014244,0.0192859,0,0,3.125,20.4812966,POM121;CCNT2;POLR2A;POLR2B;VPS4A;TCEB2;NUP98;SUPT5H;GTF2H5;TAF1,http://www.reactome.org/download/index.html
114,Reactome_2016,Nef mediated downregulation of MHC class I complex cell surface expression_Homo sapiens_R-HSA-164940,3/10,0.0016348,0.0219404,0,0,12,76.994979,AP1G1;PACS1;B2M,http://www.reactome.org/download/index.html
115,Reactome_2016,Synthesis of PIPs at the late endosome membrane_Homo sapiens_R-HSA-1660517,3/10,0.0016348,0.0217497,0,0,12,76.994979,VAC14;PIKFYVE;MTMR7,http://www.reactome.org/download/index.html
116,Reactome_2016,Nef-mediates down modulation of cell surface receptors by recruiting them to clathrin adapters_Homo sapiens_R-HSA-164938,4/21,0.0016471,0.0217248,0,0,7.6190476,48.8284525,PACS1;AP1G1;AP2A2;B2M,http://www.reactome.org/download/index.html
117,Reactome_2016,G1/S Transition_Homo sapiens_R-HSA-69206,9/112,0.0020037,0.0262017,0,0,3.2142857,19.9696489,PSMD8;PSMA6;PSMB4;PSMA4;PSMD14;PSMA2;PSMB3;PSMB1;PSMA7,http://www.reactome.org/download/index.html
118,Reactome_2016,Signaling by Insulin receptor_Homo sapiens_R-HSA-74752,17/311,0.0022538,0.0292232,0,0,2.1864952,13.3269744,ATP6V0E1;PSMD14;TSC1;PSMA7;RBX1;PSMD8;PSMA6;PSMB4;PSMA4;EEF2K;RPS6KB1;PSMA2;PSMB3;AKT2;PSMB1;LAMTOR1;ATP6V1E1,http://www.reactome.org/download/index.html
119,Reactome_2016,Signaling by the B Cell Receptor (BCR)_Homo sapiens_R-HSA-983705,14/233,0.0022868,0.0294017,0,0,2.4034335,14.6143198,PSMD14;PSMA7;PSMD8;PSMA6;PSMB4;PSMA4;STIM1;PSMA2;PSMB3;AKT2;PSMB1;RICTOR;CARD11;TNRC6A,http://www.reactome.org/download/index.html
120,Reactome_2016,Cellular responses to stress_Homo sapiens_R-HSA-2262752,19/367,0.0023682,0.0301951,0,0,2.0708447,12.5195139,HSPA9;POM121;H2AFZ;ATG9A;TSC1;CYBA;TXN;PHC3;RBX1;PRDX5;ATG16L1;SCMH1;BAG1;TCEB2;ULK1;NUP98;LAMTOR1;MAP2K7;TNRC6A,http://www.reactome.org/download/index.html
121,Reactome_2016,Generic Transcription Pathway_Homo sapiens_R-HSA-212436,34/812,0.0024332,0.0307671,0,0,1.6748768,10.0803189,COX7B;CCNT2;TXN;MED15;COX5A;NR2C1;PRDX5;MED14;ZNF708;POLR2A;TRIM28;ZNF529;POLR2B;AKT2;ZKSCAN8;ZNF548;TCEB2;RICTOR;ZNF500;NCOA2;MED8;TSC1;SUPT5H;GTF2H5;MED7;MED23;ZNF839;ZNF337;CDK12;LAMTOR1;ZNF655;ZNF212;TNRC6A;TAF1,http://www.reactome.org/download/index.html
122,Reactome_2016,mTOR signalling_Homo sapiens_R-HSA-165159,5/39,0.002733,0.0342748,0,0,5.1282051,30.2684463,EEF2K;RPS6KB1;AKT2;TSC1;LAMTOR1,http://www.reactome.org/download/index.html
123,Reactome_2016,PKB-mediated events_Homo sapiens_R-HSA-109703,5/40,0.0030603,0.0380677,0,0,5,28.94614,EEF2K;RPS6KB1;AKT2;TSC1;LAMTOR1,http://www.reactome.org/download/index.html
124,Reactome_2016,Adaptive Immune System_Homo sapiens_R-HSA-1280218,32/762,0.0030888,0.0381118,0,0,1.67979,9.7091409,PSMD14;ITGAL;RASGRP2;FBXO44;AP2A2;PSMA7;PSMD8;SEC61A2;PSMB4;HECTD1;HERC1;PSMB3;AP1G1;AKT2;INPP5D;PSMB1;TCEB2;RICTOR;UNKL;B2M;UBE2F;SMURF1;UBE4A;CYBA;RBX1;PSMA6;PSMA4;STIM1;PSMA2;TPP2;TNRC6A;CARD11,http://www.reactome.org/download/index.html
125,Reactome_2016,Processing of Capped Intron-Containing Pre-mRNA_Homo sapiens_R-HSA-72203,12/193,0.00348,0.0425952,0,0,2.4870466,14.0784821,POM121;POLR2A;HNRNPH1;SNRNP70;POLR2B;SARNP;PRPF3;NUP98;CASC3;RBMX;THOC7;RBM5,http://www.reactome.org/download/index.html
